sub_id,assn_id,enroll_id,date_sub,points_earned,submission
1,784,824,7/31/2020,50,Sit.txt
2,50,500,8/8/2020,9,EgetVulputateUt.txt
3,504,696,8/13/2020,38,VestibulumAc.txt
4,402,790,6/23/2020,34,MaecenasTincidunt.txt
5,407,344,5/15/2020,49,IaculisDiamErat.txt
6,951,5,6/9/2020,19,SapienInSapien.txt
7,813,296,8/22/2020,46,VelIpsum.txt
8,646,214,4/30/2020,2,Risus.txt
9,973,791,5/8/2020,1,EtiamVel.txt
10,287,512,5/29/2020,21,ElitSodalesScelerisque.txt
11,816,677,7/3/2020,9,VelitEuEst.txt
12,639,144,7/21/2020,68,MassaIdNisl.txt
13,601,345,6/1/2020,25,EgetRutrumAt.txt
14,129,268,6/2/2020,26,AccumsanOdio.txt
15,982,982,7/3/2020,7,EnimSitAmet.txt
16,903,497,6/21/2020,22,Ultrices.txt
17,492,509,7/20/2020,94,IntegerA.txt
18,582,326,5/16/2020,12,AcNullaSed.txt
19,945,829,5/4/2020,25,SitAmetConsectetuer.txt
20,403,19,8/24/2020,24,ConsequatDuiNec.txt
21,537,493,5/9/2020,2,Vehicula.txt
22,811,58,8/25/2020,1,Id.txt
23,23,128,7/15/2020,42,MaurisVulputateElementum.txt
24,457,359,8/15/2020,68,DolorSitAmet.txt
25,764,206,7/19/2020,5,MolestieSed.txt
26,929,405,7/1/2020,1,VestibulumRutrum.txt
27,775,633,7/7/2020,19,CurabiturIn.txt
28,830,1000,6/1/2020,50,PosuereNonummyInteger.txt
29,529,634,8/15/2020,15,IdMassaId.txt
30,574,954,4/25/2020,44,EtTempus.txt
31,877,475,5/12/2020,23,NullaSuscipitLigula.txt
32,911,900,7/31/2020,26,Ultrices.txt
33,521,112,5/26/2020,26,AtTurpis.txt
34,853,671,7/2/2020,14,Fusce.txt
35,642,752,5/4/2020,63,AcLobortis.txt
36,230,859,8/16/2020,14,Fusce.txt
37,562,542,7/16/2020,71,Hac.txt
38,481,424,4/20/2020,38,DolorQuisOdio.txt
39,665,660,5/16/2020,88,Luctus.txt
40,898,986,5/16/2020,20,EtTempusSemper.txt
41,615,633,4/29/2020,87,DuiProinLeo.txt
42,113,559,4/20/2020,42,VulputateElementum.txt
43,157,816,5/21/2020,43,OrnareConsequatLectus.txt
44,492,471,4/22/2020,59,Felis.txt
45,471,429,6/3/2020,1,AtNullaSuspendisse.txt
46,211,569,6/1/2020,35,QuisAugue.txt
47,121,403,6/6/2020,8,SemperInterdum.txt
48,209,145,8/6/2020,3,Integer.txt
49,71,623,6/18/2020,28,PhasellusSitAmet.txt
50,144,339,5/29/2020,35,HacHabitasse.txt
51,902,687,8/4/2020,14,Convallis.txt
52,627,587,5/6/2020,24,ElitAcNulla.txt
53,874,482,6/15/2020,19,AtDolor.txt
54,500,256,7/12/2020,39,PrimisInFaucibus.txt
55,68,717,6/9/2020,1,Ipsum.txt
56,321,42,4/26/2020,22,InImperdietEt.txt
57,833,977,7/12/2020,33,CursusVestibulum.txt
58,76,207,8/26/2020,41,CrasNonVelit.txt
59,81,123,8/29/2020,16,CursusUrnaUt.txt
60,466,686,7/6/2020,12,SuspendisseAccumsanTortor.txt
61,642,547,8/16/2020,41,FelisEu.txt
62,302,836,5/3/2020,61,Sit.txt
63,982,782,5/18/2020,1,EuMiNulla.txt
64,431,797,7/25/2020,43,EuismodScelerisque.txt
65,811,980,6/23/2020,7,ConvallisDuis.txt
66,722,76,8/29/2020,30,Sem.txt
67,180,627,7/18/2020,6,PraesentBlandit.txt
68,79,847,8/25/2020,84,IpsumDolorSit.txt
69,518,857,5/22/2020,94,UltricesAliquet.txt
70,125,736,7/11/2020,7,MalesuadaIn.txt
71,882,982,8/16/2020,14,Hac.txt
72,923,844,6/5/2020,10,Dui.txt
73,933,995,5/26/2020,21,Nullam.txt
74,522,672,7/15/2020,1,Quis.txt
75,78,578,6/17/2020,17,LoremIpsum.txt
76,305,869,5/18/2020,1,Lobortis.txt
77,968,735,6/8/2020,28,Pede.txt
78,869,956,8/20/2020,7,Platea.txt
79,365,623,5/31/2020,9,CrasNonVelit.txt
80,495,957,7/15/2020,40,VolutpatSapienArcu.txt
81,862,689,7/30/2020,75,Dictumst.txt
82,313,487,5/29/2020,17,Porta.txt
83,621,382,5/13/2020,42,IdLigula.txt
84,836,5,6/10/2020,1,PretiumNislUt.txt
85,307,716,7/28/2020,18,LectusAliquam.txt
86,544,767,7/26/2020,35,LuctusUltriciesEu.txt
87,88,762,7/15/2020,35,VitaeQuam.txt
88,256,676,4/28/2020,5,InHac.txt
89,32,246,4/29/2020,6,DiamNequeVestibulum.txt
90,630,443,5/15/2020,1,MorbiOdioOdio.txt
91,587,932,7/28/2020,9,NullaUltricesAliquet.txt
92,59,334,7/13/2020,23,VelitEuEst.txt
93,807,79,6/30/2020,12,EleifendLuctusUltricies.txt
94,925,903,5/12/2020,20,SitAmetEleifend.txt
95,133,480,4/21/2020,89,Nibh.txt
96,616,988,4/27/2020,4,AnteIpsum.txt
97,682,691,7/18/2020,9,Etiam.txt
98,659,956,5/13/2020,8,AmetConsectetuer.txt
99,381,789,7/29/2020,33,Turpis.txt
100,899,43,8/3/2020,42,VelitNec.txt
101,497,972,8/19/2020,9,VestibulumAnte.txt
102,565,38,5/26/2020,18,AcLeo.txt
103,975,483,6/2/2020,1,QuisOrci.txt
104,486,858,5/2/2020,2,NonVelit.txt
105,254,312,5/25/2020,74,UtEratCurabitur.txt
106,704,915,7/2/2020,49,VelDapibus.txt
107,176,111,8/12/2020,3,LigulaSuspendisseOrnare.txt
108,381,388,8/15/2020,24,Molestie.txt
109,299,720,6/28/2020,4,AnteVelIpsum.txt
110,376,807,6/24/2020,2,PrimisInFaucibus.txt
111,677,213,8/4/2020,4,QuisTurpisSed.txt
112,594,11,6/3/2020,11,PotentiIn.txt
113,307,423,8/21/2020,7,Lacinia.txt
114,830,353,8/17/2020,48,VivamusTortor.txt
115,377,106,6/26/2020,8,JustoNecCondimentum.txt
116,934,849,4/26/2020,25,Ac.txt
117,688,917,8/5/2020,8,PulvinarLobortis.txt
118,443,66,6/13/2020,20,Pretium.txt
119,475,70,8/11/2020,36,LiberoUtMassa.txt
120,918,196,7/2/2020,73,AeneanSit.txt
121,955,244,4/25/2020,10,Dignissim.txt
122,457,49,7/16/2020,7,DisParturient.txt
123,513,329,8/21/2020,96,MontesNasceturRidiculus.txt
124,354,202,5/15/2020,8,RhoncusMaurisEnim.txt
125,105,50,5/19/2020,91,CrasMi.txt
126,771,987,7/7/2020,9,VelitIdPretium.txt
127,985,864,7/17/2020,26,VelPedeMorbi.txt
128,857,530,8/6/2020,70,VivamusVelNulla.txt
129,146,557,6/22/2020,9,VelAugueVestibulum.txt
130,792,992,6/29/2020,5,EgetCongue.txt
131,332,159,7/12/2020,34,Phasellus.txt
132,127,360,4/22/2020,5,VehiculaConsequatMorbi.txt
133,940,476,7/14/2020,12,Justo.txt
134,383,656,8/20/2020,8,EgetTinciduntEget.txt
135,105,8,8/11/2020,47,OrciLuctus.txt
136,470,88,7/15/2020,22,InHac.txt
137,309,267,7/2/2020,2,NonPretium.txt
138,186,717,5/13/2020,25,Eu.txt
139,962,468,7/22/2020,6,PosuereMetus.txt
140,929,951,7/28/2020,6,AnteVel.txt
141,274,376,8/10/2020,69,Aliquet.txt
142,169,813,5/6/2020,76,Dolor.txt
143,904,721,7/7/2020,26,IpsumPrimis.txt
144,87,493,7/20/2020,23,VestibulumVestibulum.txt
145,170,959,5/20/2020,10,EgetOrci.txt
146,743,326,7/10/2020,10,QuamSuspendissePotenti.txt
147,800,952,8/21/2020,76,In.txt
148,58,277,7/19/2020,10,NibhIn.txt
149,38,142,8/25/2020,16,TristiqueEst.txt
150,936,441,7/4/2020,11,CongueEget.txt
151,807,236,5/4/2020,5,AcEstLacinia.txt
152,558,841,6/15/2020,34,NullaSed.txt
153,124,790,6/10/2020,9,TinciduntNulla.txt
154,926,890,5/24/2020,84,In.txt
155,448,601,5/10/2020,3,Sit.txt
156,428,71,7/12/2020,46,Odio.txt
157,705,205,5/4/2020,4,VariusUt.txt
158,837,536,7/28/2020,3,NullaTellusIn.txt
159,154,127,7/22/2020,19,Proin.txt
160,714,657,5/18/2020,20,Habitasse.txt
161,285,506,7/19/2020,2,OdioCurabitur.txt
162,621,498,4/27/2020,26,PrimisIn.txt
163,886,171,7/26/2020,7,DuisAc.txt
164,718,785,6/9/2020,1,VestibulumSed.txt
165,505,136,6/14/2020,1,In.txt
166,165,936,7/2/2020,4,IaculisDiam.txt
167,568,17,5/9/2020,37,Lectus.txt
168,21,813,6/3/2020,10,NullaNeque.txt
169,634,410,5/6/2020,93,FringillaRhoncusMauris.txt
170,447,494,5/14/2020,9,SitAmetNulla.txt
171,916,988,7/31/2020,18,UtNunc.txt
172,834,222,8/22/2020,10,VestibulumAnte.txt
173,575,977,5/20/2020,53,Magnis.txt
174,828,404,6/21/2020,38,MassaIdLobortis.txt
175,371,171,4/20/2020,4,AOdio.txt
176,722,915,5/29/2020,60,FaucibusAccumsan.txt
177,791,451,6/17/2020,2,Blandit.txt
178,255,204,5/14/2020,49,OdioDonec.txt
179,932,947,5/9/2020,36,VelSemSed.txt
180,181,162,8/14/2020,4,Rutrum.txt
181,379,712,7/30/2020,3,Elit.txt
182,455,308,7/12/2020,14,Vel.txt
183,507,378,8/11/2020,6,Vivamus.txt
184,17,252,7/1/2020,25,InPorttitor.txt
185,2,37,7/4/2020,23,Congue.txt
186,838,582,8/19/2020,2,OdioConsequatVarius.txt
187,919,75,5/25/2020,9,RisusPraesent.txt
188,767,52,8/12/2020,24,Mauris.txt
189,428,82,6/1/2020,23,ProinEuMi.txt
190,363,735,8/16/2020,77,Fusce.txt
191,686,832,5/23/2020,8,IpsumPrimis.txt
192,261,891,6/13/2020,5,FusceLacus.txt
193,81,743,8/12/2020,3,LaciniaEratVestibulum.txt
194,272,834,5/31/2020,3,MiPede.txt
195,154,403,8/8/2020,27,QuisquePorta.txt
196,144,269,5/21/2020,4,UtMassaQuis.txt
197,69,406,6/3/2020,1,Lacinia.txt
198,46,591,6/7/2020,3,AcLeo.txt
199,101,903,6/11/2020,7,PedeLiberoQuis.txt
200,411,145,5/13/2020,42,PorttitorPede.txt
201,677,365,8/4/2020,15,Cras.txt
202,624,225,4/27/2020,40,Vestibulum.txt
203,261,75,8/6/2020,9,NonMattisPulvinar.txt
204,479,490,8/25/2020,20,MaecenasLeoOdio.txt
205,461,704,6/3/2020,16,MagnaAcConsequat.txt
206,57,274,5/18/2020,15,Nulla.txt
207,997,929,6/25/2020,9,QuamSapien.txt
208,786,111,7/12/2020,9,InHac.txt
209,973,858,8/10/2020,6,NullaPedeUllamcorper.txt
210,325,789,5/28/2020,41,InFaucibusOrci.txt
211,279,76,6/21/2020,4,AeneanSit.txt
212,77,92,5/24/2020,24,SollicitudinMiSit.txt
213,126,702,8/5/2020,31,DonecDapibus.txt
214,840,942,8/19/2020,43,IdLobortisConvallis.txt
215,655,617,5/11/2020,2,LobortisEstPhasellus.txt
216,48,522,7/11/2020,11,Nonummy.txt
217,838,226,8/28/2020,0,EtUltrices.txt
218,528,592,6/23/2020,7,PulvinarNullaPede.txt
219,711,123,6/10/2020,71,Quis.txt
220,799,975,6/19/2020,29,TristiqueIn.txt
221,571,99,5/14/2020,0,MusVivamus.txt
222,755,143,7/6/2020,5,Nisl.txt
223,117,267,8/25/2020,20,Augue.txt
224,985,704,6/30/2020,55,ImperdietSapienUrna.txt
225,12,694,4/24/2020,39,MorbiVel.txt
226,557,360,7/1/2020,16,CurabiturConvallis.txt
227,225,320,4/26/2020,48,ConsequatVarius.txt
228,802,270,8/16/2020,9,MaurisViverra.txt
229,681,64,8/13/2020,15,PraesentLectusVestibulum.txt
230,330,474,7/28/2020,12,AliquetMassa.txt
231,252,668,7/12/2020,17,NuncVestibulumAnte.txt
232,703,86,6/17/2020,8,SitAmet.txt
233,470,853,8/6/2020,10,InCongueEtiam.txt
234,599,349,5/15/2020,36,ArcuSed.txt
235,161,331,6/3/2020,12,SedVestibulum.txt
236,658,223,6/10/2020,10,Lacus.txt
237,537,605,8/8/2020,25,NullaAc.txt
238,26,815,5/11/2020,5,DuiLuctusRutrum.txt
239,747,963,8/2/2020,9,TurpisAdipiscing.txt
240,500,96,7/19/2020,26,QuamNecDui.txt
241,803,875,5/24/2020,27,Nulla.txt
242,164,562,8/18/2020,18,InPurusEu.txt
243,210,261,4/29/2020,22,EgetTempusVel.txt
244,118,645,5/10/2020,17,ConsequatNullaNisl.txt
245,137,592,8/10/2020,11,SedSagittisNam.txt
246,548,420,8/1/2020,38,MollisMolestie.txt
247,378,254,6/26/2020,2,Ipsum.txt
248,89,557,7/19/2020,1,Cubilia.txt
249,822,199,6/21/2020,25,RhoncusDui.txt
250,748,674,8/29/2020,42,Lobortis.txt
251,80,202,7/29/2020,24,EnimIn.txt
252,1,429,4/25/2020,1,CongueVivamusMetus.txt
253,117,596,5/17/2020,1,Malesuada.txt
254,41,289,6/12/2020,0,DiamInMagna.txt
255,775,504,5/1/2020,34,Vel.txt
256,445,959,6/20/2020,17,AmetCursusId.txt
257,642,570,7/5/2020,46,Placerat.txt
258,973,108,4/22/2020,7,UrnaUt.txt
259,472,728,7/14/2020,27,NullamVariusNulla.txt
260,549,174,6/8/2020,44,VelPedeMorbi.txt
261,327,687,6/2/2020,20,SollicitudinUtSuscipit.txt
262,548,897,4/26/2020,38,Vestibulum.txt
263,820,425,7/14/2020,48,UtTellusNulla.txt
264,555,353,8/10/2020,8,TristiqueEst.txt
265,423,492,5/23/2020,26,TempusVivamusIn.txt
266,986,73,8/6/2020,10,AccumsanFelis.txt
267,413,217,7/20/2020,68,UtTellusNulla.txt
268,911,177,7/31/2020,22,CuraeNulla.txt
269,871,485,5/18/2020,8,In.txt
270,56,988,4/26/2020,16,Varius.txt
271,515,1000,4/30/2020,24,Vel.txt
272,634,401,6/29/2020,96,MaecenasTincidunt.txt
273,122,96,6/5/2020,4,Amet.txt
274,897,273,8/28/2020,3,MassaId.txt
275,745,565,8/7/2020,0,DapibusDuisAt.txt
276,645,59,6/1/2020,4,Aliquam.txt
277,721,78,6/27/2020,16,SedJusto.txt
278,400,179,8/3/2020,6,NisiEuOrci.txt
279,832,847,6/29/2020,18,EtiamJusto.txt
280,519,330,5/17/2020,18,Consequat.txt
281,729,161,7/5/2020,25,Bibendum.txt
282,52,59,6/11/2020,1,SapienUrnaPretium.txt
283,688,888,7/16/2020,50,ScelerisqueQuam.txt
284,881,903,6/2/2020,35,DapibusAugueVel.txt
285,86,471,6/27/2020,8,SitAmet.txt
286,372,758,4/26/2020,28,IpsumPraesentBlandit.txt
287,693,885,4/21/2020,60,VivamusIn.txt
288,971,679,8/27/2020,99,RhoncusAliquam.txt
289,238,515,7/13/2020,3,MorbiPorttitorLorem.txt
290,253,681,4/23/2020,15,MorbiOdioOdio.txt
291,956,970,8/22/2020,86,Suscipit.txt
292,261,740,5/4/2020,6,FaucibusAccumsan.txt
293,159,930,7/24/2020,40,Sed.txt
294,910,116,7/7/2020,6,Nunc.txt
295,331,417,8/15/2020,79,MorbiNonLectus.txt
296,884,678,5/13/2020,7,MorbiPorttitorLorem.txt
297,734,960,8/29/2020,8,Scelerisque.txt
298,14,875,4/24/2020,15,Eu.txt
299,536,815,8/9/2020,16,SuspendissePotenti.txt
300,835,649,8/21/2020,18,VolutpatDuiMaecenas.txt
301,667,675,8/15/2020,15,AugueVelAccumsan.txt
302,315,449,5/4/2020,7,JustoEuMassa.txt
303,745,517,6/22/2020,21,Nulla.txt
304,437,427,6/29/2020,3,NequeLiberoConvallis.txt
305,739,945,6/11/2020,1,Mus.txt
306,95,183,7/6/2020,24,Volutpat.txt
307,502,959,8/8/2020,26,Sem.txt
308,759,647,6/8/2020,6,OrciNullamMolestie.txt
309,515,177,4/22/2020,6,FelisDonecSemper.txt
310,78,451,4/20/2020,6,In.txt
311,901,847,5/2/2020,13,Eleifend.txt
312,156,467,5/5/2020,100,VolutpatConvallis.txt
313,150,347,6/1/2020,3,NullaNislNunc.txt
314,536,742,5/11/2020,18,NislNuncRhoncus.txt
315,394,452,5/11/2020,46,Augue.txt
316,590,557,6/11/2020,4,Fusce.txt
317,607,402,5/2/2020,20,Quis.txt
318,135,130,5/6/2020,16,Magna.txt
319,40,928,5/19/2020,60,MaurisUllamcorperPurus.txt
320,618,648,7/7/2020,25,Ultrices.txt
321,946,204,4/23/2020,69,FermentumDonec.txt
322,631,601,6/26/2020,44,FelisUt.txt
323,15,858,5/12/2020,39,Sociis.txt
324,103,828,6/11/2020,7,JustoSit.txt
325,739,879,5/6/2020,16,PulvinarLobortis.txt
326,864,737,7/14/2020,6,Id.txt
327,556,556,5/17/2020,3,UltriciesEuNibh.txt
328,468,594,5/20/2020,5,AmetNuncViverra.txt
329,281,148,6/30/2020,6,Eu.txt
330,735,286,5/25/2020,45,Vel.txt
331,37,496,7/3/2020,3,MolestieHendreritAt.txt
332,290,560,5/5/2020,13,FelisDonec.txt
333,264,333,5/28/2020,34,VariusNullaFacilisi.txt
334,843,392,8/27/2020,60,IpsumPrimisIn.txt
335,45,235,6/23/2020,20,SodalesScelerisque.txt
336,551,579,7/30/2020,39,Rhoncus.txt
337,257,106,6/19/2020,17,VitaeIpsum.txt
338,387,828,6/9/2020,7,AliquamQuisTurpis.txt
339,453,448,5/27/2020,71,AccumsanTellus.txt
340,834,457,5/17/2020,19,QuisOrci.txt
341,484,496,5/21/2020,1,DuisAt.txt
342,717,368,8/24/2020,7,Dapibus.txt
343,327,805,4/27/2020,41,TristiqueFusce.txt
344,973,697,6/29/2020,10,DuiNec.txt
345,14,106,6/20/2020,30,BlanditLacinia.txt
346,264,711,5/24/2020,23,UltricesEratTortor.txt
347,893,805,8/5/2020,36,TellusSemper.txt
348,828,229,7/4/2020,19,SapienInSapien.txt
349,265,723,5/14/2020,12,VestibulumSed.txt
350,249,301,8/5/2020,9,AtFeugiatNon.txt
351,978,587,7/12/2020,19,Non.txt
352,598,900,8/7/2020,5,AmetLobortisSapien.txt
353,555,698,7/4/2020,2,SollicitudinMi.txt
354,466,822,7/24/2020,12,PosuereCubiliaCurae.txt
355,18,913,8/23/2020,23,Mi.txt
356,891,283,7/8/2020,21,JustoEtiamPretium.txt
357,301,350,7/29/2020,11,NislAeneanLectus.txt
358,346,142,5/9/2020,45,Venenatis.txt
359,771,415,6/15/2020,0,Lacinia.txt
360,729,591,6/2/2020,29,Ante.txt
361,863,672,8/19/2020,6,Tellus.txt
362,941,129,7/31/2020,7,Pede.txt
363,394,382,8/20/2020,13,Imperdiet.txt
364,754,79,5/29/2020,49,ConsequatMetus.txt
365,102,648,5/5/2020,1,DuisAliquam.txt
366,377,347,6/14/2020,1,PedeJusto.txt
367,935,258,6/18/2020,18,Pellentesque.txt
368,293,818,4/28/2020,5,VestibulumAnteIpsum.txt
369,312,72,5/23/2020,40,Nunc.txt
370,223,59,6/30/2020,24,Nullam.txt
371,161,71,8/26/2020,53,APede.txt
372,49,394,5/4/2020,17,LuctusNecMolestie.txt
373,597,238,6/2/2020,3,VestibulumSed.txt
374,575,979,8/18/2020,59,NullaFacilisiCras.txt
375,522,126,8/23/2020,3,Donec.txt
376,710,414,4/20/2020,10,FacilisiCrasNon.txt
377,17,213,4/22/2020,26,VitaeConsectetuer.txt
378,749,261,6/14/2020,9,LeoOdio.txt
379,100,556,8/9/2020,2,Adipiscing.txt
380,86,638,7/13/2020,10,QuamNec.txt
381,65,20,7/1/2020,6,NequeLibero.txt
382,46,740,5/19/2020,6,Ut.txt
383,39,201,7/19/2020,8,NuncCommodoPlacerat.txt
384,690,54,6/4/2020,4,VitaeConsectetuerEget.txt
385,485,636,6/6/2020,8,LoremIdLigula.txt
386,545,901,5/4/2020,1,AugueAliquamErat.txt
387,170,568,4/27/2020,20,MusVivamus.txt
388,69,64,4/26/2020,7,DuiLuctusRutrum.txt
389,947,960,8/18/2020,9,ConsequatMetus.txt
390,350,181,8/2/2020,48,At.txt
391,189,251,6/25/2020,10,EratNullaTempus.txt
392,280,954,4/21/2020,3,Ipsum.txt
393,131,777,8/16/2020,2,IdOrnareImperdiet.txt
394,627,581,7/10/2020,0,TemporConvallis.txt
395,371,638,7/15/2020,4,SitAmet.txt
396,952,412,6/13/2020,49,Nunc.txt
397,286,516,8/8/2020,5,Suspendisse.txt
398,739,482,8/24/2020,24,Posuere.txt
399,850,992,8/14/2020,6,Id.txt
400,832,672,6/25/2020,14,DolorSitAmet.txt
401,912,937,5/19/2020,0,Dolor.txt
402,445,588,7/11/2020,38,CuraeDonec.txt
403,978,138,5/17/2020,21,LacusMorbiSem.txt
404,570,626,8/5/2020,8,PedeLobortisLigula.txt
405,477,258,4/30/2020,4,PrimisInFaucibus.txt
406,119,332,7/12/2020,7,AmetNulla.txt
407,142,684,6/26/2020,22,SagittisSapien.txt
408,877,18,7/3/2020,1,DignissimVestibulum.txt
409,545,616,6/21/2020,6,Dapibus.txt
410,447,269,5/13/2020,7,LoremIpsum.txt
411,454,575,8/27/2020,7,SociisNatoque.txt
412,616,794,8/19/2020,7,SagittisSapien.txt
413,396,446,5/25/2020,1,Rhoncus.txt
414,961,89,6/15/2020,24,LiberoRutrum.txt
415,558,181,7/12/2020,82,Id.txt
416,832,192,5/20/2020,42,NonLigulaPellentesque.txt
417,278,347,6/21/2020,8,AnteIpsumPrimis.txt
418,93,631,6/15/2020,16,InFelisDonec.txt
419,286,216,4/22/2020,0,VitaeNislAenean.txt
420,750,646,7/16/2020,6,LeoMaecenasPulvinar.txt
421,505,384,4/22/2020,4,EnimLoremIpsum.txt
422,595,943,8/29/2020,75,VitaeIpsumAliquam.txt
423,93,835,8/4/2020,19,MetusArcuAdipiscing.txt
424,847,835,6/6/2020,11,VestibulumAnte.txt
425,410,993,8/27/2020,1,Vestibulum.txt
426,324,144,4/20/2020,3,JustoMorbiUt.txt
427,806,295,6/22/2020,4,Curae.txt
428,154,51,5/16/2020,41,MaecenasRhoncusAliquam.txt
429,246,777,6/30/2020,16,SedTinciduntEu.txt
430,382,820,8/15/2020,4,LectusPellentesqueEget.txt
431,393,299,6/6/2020,48,NecEuismod.txt
432,987,539,8/16/2020,39,AnteVestibulumAnte.txt
433,776,185,8/1/2020,15,Nulla.txt
434,625,777,5/5/2020,5,ScelerisqueMaurisSit.txt
435,492,894,6/18/2020,1,InterdumMaurisUllamcorper.txt
436,984,909,6/23/2020,7,ConvallisNunc.txt
437,971,595,8/25/2020,14,NislUt.txt
438,855,103,6/24/2020,3,AmetErosSuspendisse.txt
439,810,711,8/29/2020,0,Eget.txt
440,942,838,5/9/2020,8,UtDolorMorbi.txt
441,380,383,7/2/2020,16,Metus.txt
442,953,35,8/9/2020,3,EuSapien.txt
443,696,399,5/29/2020,18,LuctusEt.txt
444,17,735,5/29/2020,36,CommodoVulputateJusto.txt
445,894,804,5/20/2020,29,Duis.txt
446,295,225,4/23/2020,8,Ultrices.txt
447,764,387,5/4/2020,7,MolestieLoremQuisque.txt
448,473,943,8/26/2020,7,IdNullaUltrices.txt
449,207,189,6/5/2020,6,VelNisl.txt
450,184,364,7/16/2020,1,Nulla.txt
451,239,135,7/5/2020,79,VivamusInFelis.txt
452,353,725,6/16/2020,7,Orci.txt
453,670,394,8/3/2020,28,Enim.txt
454,539,433,4/29/2020,21,EuTincidunt.txt
455,964,519,4/26/2020,30,VolutpatConvallis.txt
456,358,437,6/24/2020,1,QuamFringillaRhoncus.txt
457,649,479,6/30/2020,25,ConsectetuerAdipiscing.txt
458,41,472,7/22/2020,85,NatoquePenatibus.txt
459,936,372,8/22/2020,4,AliquetAtFeugiat.txt
460,223,482,6/5/2020,35,AdipiscingLoremVitae.txt
461,313,489,6/24/2020,25,VivamusVestibulumSagittis.txt
462,117,275,4/24/2020,4,Donec.txt
463,676,644,6/8/2020,98,FermentumDonec.txt
464,187,605,5/3/2020,0,NuncCommodo.txt
465,719,450,8/5/2020,34,EgetErosElementum.txt
466,745,557,5/19/2020,20,TellusNisiEu.txt
467,913,812,5/15/2020,16,PhasellusInFelis.txt
468,385,586,8/16/2020,8,CurabiturInLibero.txt
469,387,457,6/26/2020,22,MaurisUllamcorper.txt
470,171,917,7/8/2020,14,UltricesPosuereCubilia.txt
471,435,541,7/20/2020,10,MetusArcuAdipiscing.txt
472,118,1000,7/27/2020,3,TurpisSed.txt
473,902,194,4/29/2020,14,InHac.txt
474,569,425,6/20/2020,23,VolutpatEleifend.txt
475,549,944,7/14/2020,25,OrciPede.txt
476,405,271,7/30/2020,21,Tincidunt.txt
477,416,884,4/27/2020,24,LaciniaEratVestibulum.txt
478,421,634,6/22/2020,7,DapibusAugueVel.txt
479,988,817,6/20/2020,4,Nec.txt
480,546,381,5/11/2020,12,LigulaVehicula.txt
481,145,930,8/4/2020,21,NonMattisPulvinar.txt
482,709,713,5/28/2020,7,SitAmetEros.txt
483,666,25,7/10/2020,66,ConvallisNunc.txt
484,906,416,7/17/2020,43,UtEratId.txt
485,597,601,7/26/2020,3,VestibulumAnteIpsum.txt
486,561,415,6/28/2020,3,Volutpat.txt
487,837,984,4/29/2020,15,Nulla.txt
488,501,324,6/9/2020,2,Lacinia.txt
489,39,212,5/28/2020,6,SapienSapienNon.txt
490,924,17,4/21/2020,24,Ridiculus.txt
491,854,383,8/16/2020,45,DuisAcNibh.txt
492,860,742,5/5/2020,5,AnteIpsumPrimis.txt
493,523,678,4/25/2020,2,PrimisInFaucibus.txt
494,1,791,7/18/2020,7,Tortor.txt
495,984,656,7/3/2020,9,VelLectus.txt
496,696,243,8/14/2020,48,Sit.txt
497,732,549,8/4/2020,9,InConsequatUt.txt
498,826,175,7/23/2020,20,Id.txt
499,205,584,7/22/2020,26,AIpsumInteger.txt
500,865,279,6/21/2020,8,ViverraPedeAc.txt
501,22,491,7/3/2020,8,SedTristiqueIn.txt
502,692,231,5/28/2020,4,InAnte.txt
503,399,336,6/16/2020,2,InConsequat.txt
504,296,129,8/6/2020,17,NonPretiumQuis.txt
505,45,432,8/21/2020,26,MaurisNon.txt
506,910,65,7/9/2020,9,VestibulumProinEu.txt
507,534,410,5/8/2020,13,FelisEuSapien.txt
508,118,349,5/7/2020,1,DuiVel.txt
509,670,843,6/22/2020,39,Id.txt
510,639,225,7/3/2020,4,Tempor.txt
511,34,306,7/25/2020,14,EleifendLuctusUltricies.txt
512,335,233,8/5/2020,16,NonLectusAliquam.txt
513,164,824,7/5/2020,1,Quis.txt
514,101,376,6/11/2020,4,LeoPellentesqueUltrices.txt
515,777,583,7/2/2020,7,CuraeDonecPharetra.txt
516,159,723,5/31/2020,48,UtVolutpat.txt
517,961,243,7/31/2020,0,Imperdiet.txt
518,981,949,7/31/2020,31,AmetConsectetuerAdipiscing.txt
519,271,342,7/4/2020,8,QuamNec.txt
520,412,934,8/3/2020,15,DiamNeque.txt
521,990,649,6/12/2020,40,PraesentLectusVestibulum.txt
522,822,882,6/20/2020,41,TortorRisus.txt
523,144,992,6/3/2020,3,RhoncusMauris.txt
524,487,795,8/12/2020,4,EtUltrices.txt
525,503,302,5/2/2020,24,EnimSitAmet.txt
526,11,269,6/23/2020,89,PretiumQuis.txt
527,902,383,7/21/2020,23,InTemporTurpis.txt
528,252,443,7/16/2020,19,SapienVarius.txt
529,30,991,8/12/2020,42,PosuereNonummy.txt
530,55,91,4/30/2020,14,QuisOrciNullam.txt
531,693,360,6/30/2020,84,LectusPellentesque.txt
532,57,88,7/13/2020,32,Lacus.txt
533,90,152,8/12/2020,17,Maecenas.txt
534,889,437,6/4/2020,28,Sed.txt
535,371,549,8/6/2020,10,VivamusVestibulumSagittis.txt
536,72,105,8/2/2020,6,Sollicitudin.txt
537,688,346,7/3/2020,50,Velit.txt
538,922,870,7/8/2020,51,Accumsan.txt
539,77,684,5/9/2020,4,Orci.txt
540,937,8,8/15/2020,82,DuisAtVelit.txt
541,992,924,6/26/2020,45,JustoMaecenas.txt
542,222,21,6/30/2020,77,DuisMattisEgestas.txt
543,895,274,6/4/2020,52,HacHabitassePlatea.txt
544,248,993,8/16/2020,2,NecNisi.txt
545,90,549,8/8/2020,19,EnimBlanditMi.txt
546,234,152,4/29/2020,8,Vel.txt
547,133,144,4/26/2020,58,Sapien.txt
548,777,540,4/20/2020,57,Turpis.txt
549,779,3,8/27/2020,70,NuncRhoncus.txt
550,162,255,6/27/2020,13,RutrumRutrumNeque.txt
551,45,433,6/4/2020,43,Convallis.txt
552,529,989,6/22/2020,19,Velit.txt
553,219,975,5/25/2020,1,NibhQuisque.txt
554,241,784,7/25/2020,13,LobortisEstPhasellus.txt
555,510,351,8/23/2020,37,NonVelit.txt
556,316,182,6/27/2020,2,Lobortis.txt
557,50,34,7/4/2020,4,Nam.txt
558,80,880,8/24/2020,1,TemporConvallis.txt
559,675,332,7/30/2020,3,LigulaPellentesqueUltrices.txt
560,114,519,7/6/2020,7,Est.txt
561,146,929,8/7/2020,4,CuraeNullaDapibus.txt
562,390,428,5/12/2020,11,Tincidunt.txt
563,830,348,7/17/2020,23,NatoquePenatibusEt.txt
564,361,595,5/14/2020,8,ConsequatLectusIn.txt
565,872,552,7/11/2020,2,Ridiculus.txt
566,431,49,6/18/2020,26,FeugiatNonPretium.txt
567,65,508,6/12/2020,5,A.txt
568,307,500,6/4/2020,8,MaurisMorbiNon.txt
569,632,781,7/14/2020,5,InHac.txt
570,767,568,6/8/2020,1,AmetSemFusce.txt
571,480,404,5/20/2020,26,VestibulumAliquet.txt
572,910,398,4/30/2020,9,AcEnimIn.txt
573,388,237,6/18/2020,9,RisusSemper.txt
574,836,363,7/18/2020,22,Sollicitudin.txt
575,788,331,5/29/2020,37,Neque.txt
576,390,873,6/5/2020,3,Ipsum.txt
577,186,90,5/5/2020,8,NullaEgetEros.txt
578,102,669,6/10/2020,21,Pede.txt
579,880,451,8/11/2020,6,NecCondimentumNeque.txt
580,385,106,8/26/2020,24,AmetEleifend.txt
581,847,252,4/24/2020,39,AcConsequat.txt
582,353,863,5/17/2020,17,Consequat.txt
583,536,670,5/14/2020,15,AtLorem.txt
584,79,229,5/15/2020,50,SuspendisseOrnareConsequat.txt
585,508,103,8/29/2020,10,DiamCrasPellentesque.txt
586,418,481,4/20/2020,25,Eros.txt
587,908,222,6/5/2020,20,Ut.txt
588,341,702,8/9/2020,9,LeoOdioPorttitor.txt
589,239,379,6/30/2020,89,FelisEu.txt
590,328,811,7/10/2020,48,Vel.txt
591,184,154,6/12/2020,24,VivamusIn.txt
592,173,773,7/25/2020,3,SedVestibulum.txt
593,985,478,7/7/2020,49,CongueEget.txt
594,459,542,4/29/2020,9,NullaTellus.txt
595,776,684,5/3/2020,12,UtUltrices.txt
596,499,636,7/27/2020,33,JustoMaecenasRhoncus.txt
597,485,722,6/14/2020,72,IdJusto.txt
598,660,155,5/14/2020,8,NecNisiVulputate.txt
599,945,38,5/2/2020,68,EgetVulputate.txt
600,645,461,4/29/2020,7,AtLorem.txt
601,571,861,5/24/2020,7,LeoOdio.txt
602,851,722,5/25/2020,40,ViverraPede.txt
603,994,361,6/13/2020,2,Augue.txt
604,133,635,5/23/2020,47,Sit.txt
605,399,495,5/12/2020,9,VelAugueVestibulum.txt
606,988,662,5/2/2020,3,Ligula.txt
607,881,70,7/31/2020,40,EtTempus.txt
608,278,43,6/21/2020,7,Volutpat.txt
609,563,180,5/2/2020,5,Sit.txt
610,680,424,7/24/2020,6,Maecenas.txt
611,891,403,5/5/2020,40,AOdio.txt
612,744,192,7/31/2020,0,EuFelisFusce.txt
613,383,522,7/5/2020,7,Augue.txt
614,462,189,6/11/2020,9,SitAmetCursus.txt
615,598,693,7/19/2020,5,Ut.txt
616,436,669,5/16/2020,9,NullamSitAmet.txt
617,182,738,7/14/2020,81,Lacus.txt
618,398,47,7/3/2020,14,Id.txt
619,598,979,7/25/2020,1,Pulvinar.txt
620,125,806,8/19/2020,48,AuctorGravidaSem.txt
621,297,501,8/9/2020,9,Est.txt
622,334,856,5/24/2020,50,Odio.txt
623,246,68,7/23/2020,1,Maecenas.txt
624,971,922,4/27/2020,10,Nisl.txt
625,782,985,7/4/2020,1,Interdum.txt
626,71,510,8/15/2020,54,MattisPulvinarNulla.txt
627,921,214,7/21/2020,74,Sociis.txt
628,351,159,7/12/2020,14,Hac.txt
629,606,882,8/25/2020,17,TurpisInteger.txt
630,473,134,6/30/2020,20,InAnteVestibulum.txt
631,570,436,8/23/2020,3,EratIdMauris.txt
632,121,695,7/23/2020,6,NamCongueRisus.txt
633,36,10,6/2/2020,1,UtUltrices.txt
634,802,7,4/26/2020,6,AeneanAuctorGravida.txt
635,516,417,4/27/2020,11,Natoque.txt
636,302,587,5/6/2020,92,Eget.txt
637,274,789,8/13/2020,75,Sapien.txt
638,827,78,6/29/2020,15,DuisMattisEgestas.txt
639,976,291,6/9/2020,2,AcEnim.txt
640,59,363,7/14/2020,14,SapienUrnaPretium.txt
641,834,692,5/4/2020,47,MaecenasTristique.txt
642,86,720,4/30/2020,5,NibhLigula.txt
643,911,749,7/13/2020,26,VelitNec.txt
644,710,998,6/11/2020,4,NamCongue.txt
645,883,726,6/9/2020,3,HendreritAt.txt
646,245,103,8/2/2020,10,Vehicula.txt
647,901,209,7/4/2020,3,CongueRisus.txt
648,503,945,4/25/2020,0,Aliquet.txt
649,203,4,7/11/2020,9,Id.txt
650,211,586,6/15/2020,8,LuctusEt.txt
651,241,122,7/10/2020,7,AnteVestibulumAnte.txt
652,615,174,7/8/2020,59,Sed.txt
653,398,651,4/22/2020,24,Euismod.txt
654,550,914,8/19/2020,66,TortorQuis.txt
655,146,185,7/5/2020,0,DolorQuisOdio.txt
656,344,702,6/16/2020,34,Donec.txt
657,18,446,5/13/2020,21,Sapien.txt
658,191,662,5/29/2020,12,UllamcorperAugueA.txt
659,884,79,4/30/2020,2,Aliquet.txt
660,812,548,6/2/2020,18,TemporConvallis.txt
661,148,272,7/7/2020,3,DonecPosuere.txt
662,851,704,7/30/2020,15,EtUltrices.txt
663,450,827,5/20/2020,54,QuamSapienVarius.txt
664,378,849,8/15/2020,8,Donec.txt
665,368,868,7/8/2020,47,Vel.txt
666,919,571,6/1/2020,9,SapienInSapien.txt
667,220,514,6/7/2020,49,Rhoncus.txt
668,289,882,7/23/2020,56,SedLacus.txt
669,302,807,8/9/2020,46,Vel.txt
670,321,525,7/2/2020,20,Iaculis.txt
671,193,647,6/12/2020,43,IntegerAcNeque.txt
672,119,86,7/31/2020,8,MaecenasUt.txt
673,990,18,4/23/2020,35,AdipiscingLorem.txt
674,282,205,8/9/2020,5,EtiamPretiumIaculis.txt
675,216,661,5/16/2020,18,SapienQuisLibero.txt
676,473,90,5/6/2020,36,SuscipitAFeugiat.txt
677,972,551,6/14/2020,20,JustoNecCondimentum.txt
678,141,455,8/5/2020,13,SitAmetEros.txt
679,796,470,8/5/2020,5,Consectetuer.txt
680,412,711,6/22/2020,15,MaurisVulputate.txt
681,171,733,5/26/2020,6,Et.txt
682,661,410,7/12/2020,18,OrciEgetOrci.txt
683,193,229,6/23/2020,49,VestibulumSagittis.txt
684,253,637,4/21/2020,18,VelitDonec.txt
685,66,215,4/20/2020,46,Ultrices.txt
686,761,793,7/19/2020,2,PretiumNislUt.txt
687,129,220,5/30/2020,7,SemperSapienA.txt
688,151,181,7/4/2020,2,AmetEros.txt
689,221,209,5/19/2020,8,InQuisJusto.txt
690,841,45,6/7/2020,15,SedAnte.txt
691,157,835,8/5/2020,41,JustoSollicitudin.txt
692,623,302,7/28/2020,41,DiamVitae.txt
693,37,44,5/15/2020,40,AmetSemFusce.txt
694,375,743,8/1/2020,32,NislUt.txt
695,174,834,4/28/2020,8,CongueVivamusMetus.txt
696,862,655,6/7/2020,0,ArcuAdipiscingMolestie.txt
697,879,362,7/11/2020,7,Vel.txt
698,818,582,6/15/2020,22,DuiVelNisl.txt
699,576,319,6/10/2020,16,HacHabitassePlatea.txt
700,795,952,6/7/2020,92,CubiliaCuraeDuis.txt
701,330,463,4/22/2020,2,NonummyIntegerNon.txt
702,898,890,5/14/2020,93,Nunc.txt
703,286,544,6/21/2020,4,CommodoPlacerat.txt
704,120,156,4/26/2020,72,Platea.txt
705,522,19,7/17/2020,7,EgetTinciduntEget.txt
706,602,922,8/23/2020,41,Faucibus.txt
707,999,100,7/5/2020,4,Vestibulum.txt
708,411,862,5/6/2020,50,JustoIn.txt
709,292,393,6/5/2020,42,TempusVivamus.txt
710,70,682,5/28/2020,23,Dui.txt
711,9,977,5/31/2020,96,IdNisl.txt
712,952,461,7/8/2020,12,Justo.txt
713,927,849,4/26/2020,5,PedePosuere.txt
714,776,969,5/30/2020,14,ArcuSed.txt
715,653,33,4/30/2020,29,TempusVel.txt
716,498,840,5/19/2020,31,InHacHabitasse.txt
717,549,59,5/2/2020,33,ConsequatMorbiA.txt
718,687,14,8/5/2020,18,NonummyMaecenasTincidunt.txt
719,948,331,8/14/2020,5,NullamOrciPede.txt
720,136,25,6/2/2020,31,RhoncusAliquet.txt
721,86,18,7/7/2020,2,NibhFusce.txt
722,56,564,6/4/2020,20,EuEst.txt
723,581,30,5/16/2020,41,Sagittis.txt
724,111,248,5/12/2020,1,FelisUt.txt
725,574,413,5/30/2020,38,LectusInQuam.txt
726,689,923,4/27/2020,5,PorttitorPedeJusto.txt
727,167,191,5/22/2020,6,Pulvinar.txt
728,288,408,5/14/2020,37,ArcuLiberoRutrum.txt
729,955,549,6/9/2020,3,Cubilia.txt
730,759,119,8/9/2020,5,Aliquet.txt
731,868,482,6/8/2020,29,LectusPellentesque.txt
732,544,80,6/13/2020,15,NonummyMaecenasTincidunt.txt
733,308,130,7/1/2020,86,DonecUtMauris.txt
734,872,174,7/8/2020,2,NislUt.txt
735,969,595,5/13/2020,5,Congue.txt
736,957,26,8/2/2020,4,DiamIn.txt
737,12,539,6/28/2020,7,IntegerAc.txt
738,658,237,5/27/2020,18,DuiLuctusRutrum.txt
739,69,115,5/3/2020,5,NamDui.txt
740,490,901,6/17/2020,92,SapienCumSociis.txt
741,49,393,7/11/2020,16,NibhQuisqueId.txt
742,280,338,4/23/2020,1,DonecSemper.txt
743,822,436,7/4/2020,22,QuamAOdio.txt
744,757,975,7/22/2020,6,SuspendisseOrnareConsequat.txt
745,49,791,7/12/2020,11,AcNullaSed.txt
746,700,963,4/30/2020,2,ImperdietEtCommodo.txt
747,884,628,7/29/2020,6,Arcu.txt
748,388,971,8/24/2020,24,FusceCongue.txt
749,179,368,5/13/2020,10,Quam.txt
750,731,889,7/14/2020,40,Quam.txt
751,471,837,5/1/2020,9,ElitProinInterdum.txt
752,304,722,5/30/2020,62,Mauris.txt
753,65,625,8/20/2020,8,CubiliaCuraeNulla.txt
754,944,15,8/23/2020,11,Vulputate.txt
755,240,533,5/14/2020,12,Fusce.txt
756,748,248,8/6/2020,63,BlanditNonInterdum.txt
757,298,317,6/4/2020,10,BlanditNamNulla.txt
758,885,98,6/22/2020,3,IdPretiumIaculis.txt
759,542,552,4/27/2020,12,CrasNon.txt
760,440,43,7/9/2020,6,In.txt
761,956,857,8/14/2020,45,Neque.txt
762,292,435,6/15/2020,6,PedeVenenatisNon.txt
763,223,759,7/21/2020,50,SitAmet.txt
764,851,939,7/11/2020,47,OdioCrasMi.txt
765,750,100,7/5/2020,12,VehiculaConsequat.txt
766,775,345,8/28/2020,23,Id.txt
767,446,511,8/28/2020,22,AmetErosSuspendisse.txt
768,460,144,6/11/2020,2,MaurisSitAmet.txt
769,509,854,5/26/2020,13,IpsumDolor.txt
770,44,152,7/22/2020,9,DuisBibendum.txt
771,516,735,7/2/2020,6,MorbiQuisTortor.txt
772,60,553,7/28/2020,5,NullaSuscipitLigula.txt
773,792,861,4/27/2020,20,Tempus.txt
774,486,185,8/22/2020,14,IntegerTinciduntAnte.txt
775,798,323,6/30/2020,1,Phasellus.txt
776,961,202,6/14/2020,23,PortaVolutpatErat.txt
777,958,61,7/29/2020,7,DictumstMaecenasUt.txt
778,929,489,6/26/2020,6,UtNulla.txt
779,724,274,5/23/2020,2,VelIpsumPraesent.txt
780,754,978,5/4/2020,35,LoremVitaeMattis.txt
781,131,472,6/20/2020,13,VariusNulla.txt
782,792,634,4/28/2020,2,Erat.txt
783,581,788,5/30/2020,43,DiamIdOrnare.txt
784,693,610,8/25/2020,79,DuiNecNisi.txt
785,600,50,4/26/2020,86,EstLacinia.txt
786,948,285,7/3/2020,9,Augue.txt
787,723,735,6/19/2020,5,OrciLuctusEt.txt
788,658,911,7/16/2020,10,SuspendissePotenti.txt
789,173,122,8/6/2020,2,SapienNonMi.txt
790,292,363,7/7/2020,37,AcNeque.txt
791,96,618,6/26/2020,50,OdioDonec.txt
792,604,198,7/31/2020,7,AccumsanTortor.txt
793,841,919,7/24/2020,21,Integer.txt
794,363,962,6/20/2020,29,Augue.txt
795,862,98,7/10/2020,73,Id.txt
796,41,393,7/20/2020,14,Amet.txt
797,473,973,7/13/2020,7,PrimisInFaucibus.txt
798,923,249,5/14/2020,7,MaecenasTincidunt.txt
799,312,792,6/30/2020,24,Blandit.txt
800,438,736,8/16/2020,21,LectusInQuam.txt
801,994,292,6/14/2020,11,CongueElementum.txt
802,685,613,7/20/2020,25,LigulaVehiculaConsequat.txt
803,837,790,7/22/2020,17,IdNislVenenatis.txt
804,864,699,6/4/2020,4,VelDapibus.txt
805,129,206,8/22/2020,28,TurpisElementumLigula.txt
806,781,355,4/26/2020,6,PrimisInFaucibus.txt
807,902,138,5/23/2020,5,SapienCursusVestibulum.txt
808,824,498,5/16/2020,9,Semper.txt
809,597,222,5/3/2020,10,SapienInSapien.txt
810,243,261,7/5/2020,8,InHacHabitasse.txt
811,169,702,4/22/2020,92,QuisJusto.txt
812,389,884,5/10/2020,5,VestibulumProin.txt
813,328,865,7/2/2020,42,At.txt
814,732,305,8/2/2020,4,Ipsum.txt
815,58,115,6/16/2020,7,CubiliaCurae.txt
816,745,208,5/17/2020,22,NonQuamNec.txt
817,571,683,4/27/2020,19,SedLacusMorbi.txt
818,818,1000,5/3/2020,14,EgetSemperRutrum.txt
819,5,737,6/9/2020,7,AnteVestibulumAnte.txt
820,146,405,8/5/2020,9,NonummyIntegerNon.txt
821,135,340,7/2/2020,16,IntegerAc.txt
822,628,864,4/29/2020,44,Duis.txt
823,302,866,7/25/2020,66,MagnaVulputate.txt
824,383,811,7/13/2020,5,TortorQuisTurpis.txt
825,637,66,7/21/2020,3,Accumsan.txt
826,41,585,7/24/2020,43,Quam.txt
827,582,32,5/20/2020,8,MorbiVestibulum.txt
828,637,4,6/26/2020,4,NislNuncRhoncus.txt
829,390,57,5/26/2020,19,NullaSuscipitLigula.txt
830,944,444,8/15/2020,14,ParturientMontes.txt
831,408,480,5/3/2020,21,RhoncusMaurisEnim.txt
832,343,18,7/6/2020,7,Consectetuer.txt
833,637,301,7/2/2020,3,HacHabitasse.txt
834,151,522,6/28/2020,91,NullaPedeUllamcorper.txt
835,202,860,8/12/2020,4,AtNuncCommodo.txt
836,965,260,5/5/2020,16,NibhFusce.txt
837,667,170,8/20/2020,18,Congue.txt
838,741,165,8/13/2020,44,LigulaNec.txt
839,526,209,7/19/2020,4,SociisNatoque.txt
840,446,349,6/3/2020,1,EratFermentumJusto.txt
841,790,941,5/8/2020,41,NuncViverraDapibus.txt
842,667,138,5/6/2020,17,Dui.txt
843,436,72,5/17/2020,8,Rutrum.txt
844,537,640,7/21/2020,34,VelEstDonec.txt
845,30,855,5/23/2020,46,InConsequat.txt
846,445,418,4/29/2020,31,EtiamPretiumIaculis.txt
847,703,871,8/6/2020,9,NislUt.txt
848,289,827,5/4/2020,0,IpsumDolorSit.txt
849,807,660,5/12/2020,7,Mauris.txt
850,410,269,7/9/2020,1,DuisAcNibh.txt
851,221,671,5/16/2020,4,MaurisEgetMassa.txt
852,960,971,8/28/2020,7,CrasMi.txt
853,784,152,8/5/2020,13,NullamMolestie.txt
854,197,606,8/23/2020,22,Curabitur.txt
855,504,300,7/15/2020,1,SedVel.txt
856,784,786,7/18/2020,5,ConvallisNunc.txt
857,370,286,5/11/2020,18,Curabitur.txt
858,49,121,4/25/2020,23,DuisAcNibh.txt
859,17,251,8/15/2020,21,RisusPraesentLectus.txt
860,560,674,4/21/2020,19,TempusSemper.txt
861,228,459,7/11/2020,66,DapibusDuis.txt
862,458,918,8/4/2020,37,DiamIdOrnare.txt
863,27,828,6/1/2020,22,Suscipit.txt
864,99,501,8/29/2020,6,SedVestibulum.txt
865,602,540,5/24/2020,74,SemperRutrumNulla.txt
866,940,666,5/12/2020,4,CongueVivamusMetus.txt
867,278,718,5/1/2020,4,EtiamPretium.txt
868,707,615,8/17/2020,1,Orci.txt
869,686,986,7/6/2020,24,Justo.txt
870,756,452,5/17/2020,89,ViverraPede.txt
871,429,13,8/15/2020,15,Pellentesque.txt
872,662,586,4/30/2020,3,QuamTurpisAdipiscing.txt
873,378,522,6/7/2020,7,PurusAliquet.txt
874,558,922,6/8/2020,61,Quisque.txt
875,241,776,8/13/2020,25,ConsequatNullaNisl.txt
876,499,19,8/26/2020,29,Sem.txt
877,464,323,5/11/2020,2,IntegerANibh.txt
878,817,871,6/14/2020,70,AmetEleifend.txt
879,250,581,8/1/2020,7,HabitassePlatea.txt
880,222,632,5/26/2020,97,CumSociisNatoque.txt
881,49,784,4/29/2020,21,Sociis.txt
882,20,237,5/11/2020,5,AnteVel.txt
883,83,724,6/7/2020,91,SapienA.txt
884,259,907,7/11/2020,27,TellusNisi.txt
885,271,733,5/30/2020,5,MassaId.txt
886,6,692,8/19/2020,5,Platea.txt
887,150,158,6/3/2020,68,Dictumst.txt
888,506,214,8/5/2020,10,HabitassePlateaDictumst.txt
889,69,289,5/11/2020,1,Augue.txt
890,585,205,6/11/2020,7,Donec.txt
891,283,913,6/21/2020,3,Luctus.txt
892,470,106,7/16/2020,17,Vivamus.txt
893,394,127,7/24/2020,0,Quisque.txt
894,274,128,6/9/2020,56,DictumstMorbiVestibulum.txt
895,761,941,5/25/2020,10,VestibulumAnte.txt
896,206,773,5/10/2020,14,IdOrnareImperdiet.txt
897,354,380,6/23/2020,5,Tortor.txt
898,298,953,8/29/2020,93,MetusSapienUt.txt
899,267,241,8/1/2020,27,Et.txt
900,648,675,7/20/2020,28,MorbiNonQuam.txt
901,592,684,7/10/2020,2,LectusAliquam.txt
902,546,111,5/18/2020,8,DuisConsequat.txt
903,320,800,8/16/2020,1,Ac.txt
904,420,371,6/7/2020,1,QuamFringillaRhoncus.txt
905,776,172,7/21/2020,24,Felis.txt
906,210,187,8/10/2020,24,UltriciesEu.txt
907,3,670,8/2/2020,6,Nulla.txt
908,110,201,8/14/2020,4,Nisi.txt
909,811,271,8/29/2020,6,Mi.txt
910,859,865,8/4/2020,33,SodalesScelerisqueMauris.txt
911,498,784,5/13/2020,20,EgetOrci.txt
912,815,789,5/30/2020,61,Orci.txt
913,12,773,7/29/2020,23,AliquetAtFeugiat.txt
914,311,940,8/24/2020,50,Quis.txt
915,26,670,7/2/2020,17,DuiNec.txt
916,379,367,6/21/2020,7,InSagittisDui.txt
917,863,401,6/23/2020,24,AmetEleifend.txt
918,328,685,7/3/2020,35,DuisBibendum.txt
919,603,976,5/8/2020,98,Ornare.txt
920,70,358,4/20/2020,79,NullaTempusVivamus.txt
921,932,155,7/10/2020,38,ImperdietEtCommodo.txt
922,106,588,4/21/2020,9,VelSem.txt
923,542,304,8/13/2020,3,NullaQuisque.txt
924,664,867,4/24/2020,2,LobortisConvallisTortor.txt
925,210,640,5/19/2020,1,CongueDiam.txt
926,346,575,5/26/2020,46,PhasellusSitAmet.txt
927,520,527,5/1/2020,16,EratNulla.txt
928,453,934,5/18/2020,52,LigulaInLacus.txt
929,246,115,8/10/2020,5,Eu.txt
930,139,432,8/26/2020,35,MolestieSed.txt
931,941,757,4/30/2020,10,Aenean.txt
932,696,493,5/13/2020,43,Curabitur.txt
933,196,900,7/25/2020,26,VariusNullaFacilisi.txt
934,794,551,8/17/2020,2,Nec.txt
935,680,286,5/4/2020,10,VestibulumAnte.txt
936,326,199,4/22/2020,26,LoremIpsum.txt
937,406,32,6/7/2020,16,SapienA.txt
938,881,488,7/18/2020,2,TortorIdNulla.txt
939,348,657,8/24/2020,5,MolestieNibhIn.txt
940,531,436,5/10/2020,14,MollisMolestieLorem.txt
941,996,968,7/8/2020,4,Luctus.txt
942,393,566,7/28/2020,27,Massa.txt
943,60,366,5/9/2020,10,SociisNatoquePenatibus.txt
944,995,681,6/2/2020,78,TinciduntAnte.txt
945,199,203,5/25/2020,14,InterdumMauris.txt
946,172,528,4/24/2020,36,TinciduntAnte.txt
947,745,589,8/19/2020,22,NuncNislDuis.txt
948,641,309,4/25/2020,3,NamTristique.txt
949,89,112,6/25/2020,19,EtUltricesPosuere.txt
950,430,14,7/8/2020,26,Ultrices.txt
951,331,921,5/1/2020,12,Sit.txt
952,79,913,7/14/2020,90,PellentesqueUltricesPhasellus.txt
953,771,821,7/23/2020,8,Massa.txt
954,423,4,8/14/2020,18,RutrumNullaNunc.txt
955,27,16,8/26/2020,13,CrasInPurus.txt
956,803,611,7/13/2020,12,LoremQuisque.txt
957,181,422,4/23/2020,39,Magna.txt
958,199,953,7/7/2020,19,Vestibulum.txt
959,639,675,7/16/2020,83,UtMassaVolutpat.txt
960,82,49,5/27/2020,2,UltricesAliquetMaecenas.txt
961,873,510,4/21/2020,20,UtUltricesVel.txt
962,693,676,8/15/2020,1,Hac.txt
963,471,760,7/6/2020,6,DonecUtMauris.txt
964,254,956,8/2/2020,29,UtNullaSed.txt
965,517,780,8/2/2020,3,Volutpat.txt
966,897,890,7/14/2020,9,Erat.txt
967,811,819,8/8/2020,5,InSapienIaculis.txt
968,772,631,8/14/2020,0,Est.txt
969,978,600,6/27/2020,12,RhoncusSed.txt
970,5,460,8/26/2020,7,SollicitudinUtSuscipit.txt
971,253,302,8/9/2020,4,QuisTurpis.txt
972,424,419,6/13/2020,48,AugueASuscipit.txt
973,943,294,5/3/2020,14,Dis.txt
974,67,233,5/31/2020,69,Proin.txt
975,766,644,8/26/2020,48,Enim.txt
976,368,568,7/31/2020,42,LaciniaSapien.txt
977,127,392,6/19/2020,19,Placerat.txt
978,659,894,7/12/2020,0,AugueLuctus.txt
979,586,700,6/10/2020,31,EnimSitAmet.txt
980,361,799,4/29/2020,0,Auctor.txt
981,226,533,7/10/2020,23,OdioDonec.txt
982,433,920,8/13/2020,87,Integer.txt
983,345,611,5/21/2020,36,DictumstMorbi.txt
984,52,471,5/20/2020,13,VulputateVitaeNisl.txt
985,648,929,8/23/2020,18,FelisEu.txt
986,493,79,7/17/2020,64,Tellus.txt
987,456,135,7/5/2020,1,QuisTortor.txt
988,609,5,5/26/2020,21,QuamFringillaRhoncus.txt
989,820,114,6/13/2020,46,EratCurabiturGravida.txt
990,314,568,5/27/2020,7,Vestibulum.txt
991,192,836,8/7/2020,36,SitAmetErat.txt
992,136,884,6/25/2020,2,EleifendPedeLibero.txt
993,642,314,6/20/2020,2,VestibulumAnte.txt
994,817,190,5/25/2020,9,VelSemSed.txt
995,421,961,7/16/2020,21,Sapien.txt
996,714,583,5/15/2020,93,NislAeneanLectus.txt
997,535,25,4/26/2020,5,DuisBibendum.txt
998,949,11,7/30/2020,4,RisusPraesent.txt
999,234,475,8/12/2020,0,DuisAtVelit.txt
1000,801,482,7/24/2020,46,TurpisA.txt
